FIPS,jurisdiction_name,state_name_abbreviation,e2016_votediff,voters_removed_total,e2016_rep_winner,e2016_dem_winner,e2016_rep_vote,e2016_dem_vote,total_registered_voters
18097,MARION COUNTY,IN,82539,212759,0,1,130360,212899,640762
48201,HARRIS COUNTY,TX,161959,212685,0,1,545955,707914,2258976
32003,CLARK COUNTY,NV,82170,166838,0,1,320057,402227,1256947
48439,TARRANT COUNTY,TX,57529,124171,1,0,345921,288392,1134484
48029,BEXAR COUNTY,TX,79217,115552,0,1,240333,319550,1108798
12099,PALM BEACH COUNTY,FL,102271,113645,0,1,272402,374673,950443
18089,LAKE COUNTY,IN,41310,86920,0,1,75625,116935,351359
18003,ALLEN COUNTY,IN,28548,82229,1,0,83930,55382,256489
53063,SPOKANE COUNTY,WA,19668,80413,1,0,113435,93767,351780
17197,WILL COUNTY,IL,19207,73581,0,1,132720,151927,464161
48085,COLLIN COUNTY,TX,60390,69745,1,0,201014,140624,554057
48121,DENTON COUNTY,TX,59713,67704,1,0,170603,110890,503487
17097,LAKE COUNTY,IL,61328,65457,0,1,109767,171095,468629
18141,ST. JOSEPH COUNTY,IN,231,60584,0,1,52021,52252,191467
18057,HAMILTON COUNTY,IN,30141,59043,1,0,87404,57263,235632
40109,OKLAHOMA COUNTY,OK,28756,55128,1,0,141569,112813,408531
13135,GWINNETT COUNTY,GA,19164,54328,0,1,146989,166153,562545
12103,PINELLAS COUNTY,FL,5500,53259,1,0,239201,233701,716401
12057,HILLSBOROUGH COUNTY,FL,41026,52973,0,1,266870,307896,932271
13067,COBB COUNTY,GA,7209,50514,0,1,152912,160121,525544
48157,FORT BEND COUNTY,TX,17395,46850,0,1,117291,134686,432929
51810,VIRGINIA BEACH CITY,VA,7192,45265,1,0,98224,91032,307399
18105,MONROE COUNTY,IN,13624,45086,0,1,20592,34216,94206
53053,PIERCE COUNTY,WA,25714,44555,0,1,146824,172538,561428
18163,VANDERBURGH COUNTY,IN,11966,43877,1,0,40496,28530,124026
51153,PRINCE WILLIAM COUNTY,VA,41423,42203,0,1,71721,113144,284100
12031,DUVAL COUNTY,FL,5968,41263,1,0,211672,205704,652426
48491,WILLIAMSON COUNTY,TX,19707,40694,1,0,104175,84468,336148
18039,ELKHART COUNTY,IN,21127,40083,1,0,41867,20740,121175
53035,KITSAP COUNTY,WA,14138,39015,0,1,49018,63156,188243
51087,HENRICO COUNTY,VA,34078,37686,0,1,59857,93935,224720
51041,CHESTERFIELD COUNTY,VA,3971,34709,1,0,85045,81074,243083
20091,JOHNSON COUNTY,KS,7638,33407,1,0,137490,129852,416714
18127,PORTER COUNTY,IN,5156,31497,1,0,38832,33676,122253
34025,MONMOUTH COUNTY,NJ,29542,31361,1,0,166723,137181,451753
51107,LOUDOUN COUNTY,VA,30846,31211,0,1,69949,100795,255838
45019,CHARLESTON COUNTY,SC,13856,30823,0,1,75443,89299,312575
48027,BELL COUNTY,TX,14197,30476,1,0,51998,37801,195604
18157,TIPPECANOE COUNTY,IN,3486,30447,1,0,30768,27282,109508
17167,SANGAMON COUNTY,IL,9037,30185,1,0,49944,40907,148931
13051,CHATHAM COUNTY,GA,16602,29986,0,1,45688,62290,202358
12115,SARASOTA COUNTY,FL,26568,29440,1,0,124438,97870,323612
18035,DELAWARE COUNTY,IN,6110,29003,1,0,24263,18153,79028
22033,EAST BATON ROUGE PARISH,LA,18168,28917,0,1,84660,102828,286455
16001,ADA COUNTY,ID,18075,28770,1,0,93752,75677,274266
24003,ANNE ARUNDEL COUNTY,MD,6016,27911,0,1,122403,128419,385874
39153,SUMMIT,OH,22230,27491,0,1,112026,134256,373089
53011,CLARK COUNTY,WA,316,27119,0,1,92441,92757,317474
51550,CHESAPEAKE CITY,VA,1420,26702,1,0,54047,52627,160989
37021,BUNCOMBE COUNTY,NC,19736,25750,0,1,55716,75452,199231
18095,MADISON COUNTY,IN,13781,25142,1,0,32376,18595,90553
51700,NEWPORT NEWS CITY,VA,20150,25125,0,1,25468,45618,119524
37067,FORSYTH COUNTY,NC,18489,25031,0,1,75975,94464,263164
17119,MADISON COUNTY,IL,19903,24932,1,0,70490,50587,197361
18019,CLARK COUNTY,IN,11227,24484,1,0,30035,18808,88398
48355,NUECES COUNTY,TX,1568,23946,1,0,50766,49198,203026
31055,DOUGLAS COUNTY,NE,5721,22770,0,1,108077,113798,356903
17019,CHAMPAIGN COUNTY,IL,16769,22622,0,1,33368,50137,124057
27037,DAKOTA COUNTY,MN,10900,22520,0,1,99583,110483,269353
37129,NEW HANOVER COUNTY,NC,4365,22396,1,0,55344,50979,172680
18091,LAPORTE COUNTY,IN,2889,22135,1,0,22687,19798,76589
17111,MCHENRY COUNTY,IL,10809,22015,1,0,71612,60803,244460
37051,CUMBERLAND COUNTY,NC,20340,21930,0,1,51265,71605,220384
53067,THURSTON COUNTY,WA,20174,21923,0,1,48624,68798,201411
48209,HAYS COUNTY,TX,602,21164,1,0,33826,33224,127029
26081,KENT COUNTY,MI,9497,20768,1,0,148180,138683,458328
18167,VIGO COUNTY,IN,6006,20703,1,0,21937,15931,72592
34027,MORRIS COUNTY,NJ,10822,20522,1,0,126071,115249,350897
29047,CLAY COUNTY,MO,12172,20141,1,0,57476,45304,163436
13215,MUSCOGEE COUNTY,GA,12875,19943,0,1,26976,39851,127080
47125,MONTGOMERY COUNTY,TN,10642,19558,1,0,32341,21699,109727
12117,SEMINOLE COUNTY,FL,3529,18116,1,0,109443,105914,313387
17143,PEORIA COUNTY,IL,2427,17619,0,1,35633,38060,130810
22017,CADDO PARISH,LA,4477,17184,0,1,49006,53483,162551
18067,HOWARD COUNTY,IN,12460,16508,1,0,23675,11215,59746
51003,ALBEMARLE COUNTY,VA,14086,15916,0,1,19259,33345,78223
13151,HENRY COUNTY,GA,4333,15767,0,1,45724,50057,165735
29019,BOONE COUNTY,MO,4925,15293,0,1,36200,41125,121787
18005,BARTHOLOMEW COUNTY,IN,10799,15284,1,0,20640,9841,50325
18043,FLOYD COUNTY,IN,7487,15076,1,0,21432,13945,57926
12111,ST. LUCIE COUNTY,FL,3408,14956,1,0,70289,66881,213691
37147,PITT COUNTY,NC,6133,14929,0,1,35691,41824,124920
51177,SPOTSYLVANIA COUNTY,VA,10416,14683,1,0,34623,24207,90944
51179,STAFFORD COUNTY,VA,5960,14452,1,0,33868,27908,95708
53077,YAKIMA COUNTY,WA,10444,14319,1,0,41735,31291,126004
17083,JERSEY COUNTY,IL,5069,14179,1,0,7748,2679,16341
27163,WASHINGTON COUNTY,MN,2658,14085,0,1,64428,67086,166595
51680,LYNCHBURG CITY,VA,3190,14016,1,0,17982,14792,53235
42017,BUCKS COUNTY,PA,2699,13960,0,1,164361,167060,457235
39093,LORAIN,OH,131,13915,0,1,66818,66949,214629
18053,GRANT COUNTY,IN,9998,13742,1,0,17008,7010,43894
17163,ST. CLAIR COUNTY,IL,6899,13672,0,1,53857,60756,180207
39113,MONTGOMERY,OH,1893,13668,1,0,123909,122016,381738
18173,WARRICK COUNTY,IN,10027,13659,1,0,19113,9086,44753
31109,LANCASTER COUNTY,NE,310,13525,0,1,61588,61898,192254
17093,KENDALL COUNTY,IL,77,13520,1,0,24961,24884,81552
34001,ATLANTIC COUNTY,NJ,8234,13465,0,1,52690,60924,183644
51121,MONTGOMERY COUNTY,VA,562,13382,0,1,19459,20021,62940
13153,HOUSTON COUNTY,GA,12877,13126,1,0,35430,22553,102504
41029,JACKSON COUNTY,OR,9423,13107,1,0,53870,44447,153900
51770,ROANOKE CITY,VA,7497,12974,0,1,14789,22286,62194
41047,MARION COUNTY,OR,5589,12224,1,0,63377,57788,200405
48245,JEFFERSON COUNTY,TX,419,12211,1,0,42862,42443,149172
37049,CRAVEN COUNTY,NC,10101,12129,1,0,27731,17630,70210
39173,WOOD,OH,5180,11887,1,0,32498,27318,94928
34015,GLOUCESTER COUNTY,NJ,674,11855,1,0,67544,66870,211655
53015,COWLITZ COUNTY,WA,6277,11557,1,0,24185,17908,71532
18177,WAYNE COUNTY,IN,7706,11544,1,0,16028,8322,40861
18011,BOONE COUNTY,IN,9473,11335,1,0,19654,10181,48736
36083,RENSSELAER COUNTY,NY,1009,11277,1,0,33726,32717,107464
39155,TRUMBULL,OH,6010,11171,1,0,49024,43014,141548
37001,ALAMANCE COUNTY,NC,8982,11037,1,0,38815,29833,103256
24021,FREDERICK COUNTY,MD,3000,11018,1,0,59522,56522,172907
51660,HARRISONBURG CITY,VA,3950,10903,0,1,6262,10212,26298
20103,LEAVENWORTH COUNTY,KS,7429,10704,1,0,17638,10209,45437
13097,DOUGLAS COUNTY,GA,6188,10606,0,1,24817,31005,97948
53027,GRAYS HARBOR COUNTY,WA,2047,10488,1,0,14067,12020,46639
28089,MADISON COUNTY,MS,7922,10193,1,0,28265,20343,83235
47113,MADISON COUNTY,TN,5887,10130,1,0,21335,15448,59407
26021,BERRIEN COUNTY,MI,9152,10038,1,0,38647,29495,125275
45041,FLORENCE COUNTY,SC,2863,9823,1,0,29573,26710,96050
20177,SHAWNEE COUNTY,KS,2008,9785,1,0,35934,33926,110260
17113,MCLEAN COUNTY,IL,1041,9782,1,0,37237,36196,61483
53057,SKAGIT COUNTY,WA,1954,9622,0,1,24736,26690,82638
28075,LAUDERDALE COUNTY,MS,6472,9573,1,0,17741,11269,48407
32031,WASHOE COUNTY,NV,2621,9441,0,1,94758,97379,302351
13185,LOWNDES COUNTY,GA,6571,9333,1,0,21635,15064,73208
51800,SUFFOLK CITY,VA,5274,9068,0,1,18006,23280,62897
54011,CABELL COUNTY,WV,8403,9049,1,0,19850,11447,54924
53029,ISLAND COUNTY,WA,2495,9042,0,1,18465,20960,62638
36071,ORANGE COUNTY,NY,8367,9004,1,0,76645,68278,232263
27109,OLMSTED COUNTY,MN,600,8952,0,1,35668,36268,93811
34011,CUMBERLAND COUNTY,NJ,3318,8855,0,1,24453,27771,90049
30013,CASCADE COUNTY,MT,7457,8701,1,0,19632,12175,49406
51095,JAMES CITY COUNTY,VA,2201,8682,1,0,21306,19105,58093
10001,KENT COUNTY,DE,3640,8636,1,0,36991,33351,123722
17077,JACKSON COUNTY,IL,791,8288,0,1,10843,11634,39503
40031,COMANCHE COUNTY,OK,7720,8236,1,0,19183,11463,55036
17081,JEFFERSON COUNTY,IL,7270,8212,1,0,11695,4425,25933
17037,DE KALB COUNTY,IL,1375,8164,0,1,19091,20466,67251
17187,WARREN COUNTY,IL,1288,8140,1,0,4275,2987,11814
37191,WAYNE COUNTY,NC,5770,8074,1,0,27540,21770,75769
37155,ROBESON COUNTY,NC,1746,8073,1,0,20762,19016,77304
18083,KNOX COUNTY,IN,7305,8070,1,0,11077,3772,24254
42043,DAUPHIN COUNTY,PA,3843,7952,0,1,60863,64706,185853
51199,YORK COUNTY,VA,5838,7905,1,0,18837,12999,46212
36093,SCHENECTADY COUNTY,NY,4794,7824,0,1,28953,33747,101574
42077,LEHIGH COUNTY,PA,7634,7788,0,1,73690,81324,234026
17091,KANKAKEE COUNTY,IL,6158,7741,1,0,25129,18971,72057
13217,NEWTON COUNTY,GA,1030,7703,0,1,20913,21943,74679
30031,GALLATIN COUNTY,MT,444,7661,0,1,23802,24246,79576
53009,CLALLAM COUNTY,WA,1117,7655,1,0,18794,17677,57335
17099,LA SALLE COUNTY,IL,7146,7625,1,0,26689,19543,81001
53075,WHITMAN COUNTY,WA,743,7418,0,1,7403,8146,28150
37189,WATAUGA COUNTY,NC,441,7329,0,1,13697,14138,47638
45085,SUMTER COUNTY,SC,5302,7177,0,1,18745,24047,75135
49005,CACHE COUNTY,UT,4684,7170,1,0,21139,8563,65493
42027,CENTRE COUNTY,PA,1814,6841,0,1,35274,37088,111132
37127,NASH COUNTY,NC,84,6793,1,0,23319,23235,67256
26145,SAGINAW COUNTY,MI,1073,6737,1,0,45469,44396,148679
41017,DESCHUTES COUNTY,OR,3248,6614,1,0,45692,42444,135315
17161,ROCK ISLAND COUNTY,IL,5300,6595,0,1,26998,32298,100163
42095,NORTHAMPTON COUNTY,PA,5464,6509,1,0,71736,66272,209313
48021,BASTROP COUNTY,TX,5759,6389,1,0,16328,10569,47519
13285,TROUP COUNTY,GA,6037,6368,1,0,15750,9713,42040
51683,MANASSAS CITY,VA,2470,6368,0,1,5953,8423,22099
18143,SCOTT COUNTY,IN,3432,6300,1,0,6074,2642,16899
17181,UNION COUNTY,IL,3388,6284,1,0,5790,2402,13191
28087,LOWNDES COUNTY,MS,1452,6049,1,0,13271,11819,42866
12087,MONROE COUNTY,FL,2933,6034,1,0,21904,18971,62143
48409,SAN PATRICIO COUNTY,TX,5159,5919,1,0,13030,7871,41647
17195,WHITESIDE COUNTY,IL,1580,5803,1,0,12615,11035,39657
26121,MUSKEGON COUNTY,MI,1177,5691,0,1,36127,37304,129496
37195,WILSON COUNTY,NC,2132,5673,0,1,17531,19663,56707
13179,LIBERTY COUNTY,GA,3422,5560,0,1,6134,9556,36224
42049,ERIE COUNTY,PA,1957,5534,1,0,60069,58112,191910
42069,LACKAWANNA COUNTY,PA,3599,5528,0,1,48384,51983,143610
37037,CHATHAM COUNTY,NC,3960,5524,0,1,17105,21065,54251
51630,FREDERICKSBURG CITY,VA,2963,5514,0,1,3744,6707,18036
22097,ST. LANDRY PARISH,LA,4762,5356,1,0,21971,17209,60045
36027,DUTCHESS COUNTY,NY,464,5289,0,1,61797,62261,199344
28035,FORREST COUNTY,MS,3745,5226,1,0,15461,11716,51072
53007,CHELAN COUNTY,WA,5082,5173,1,0,18114,13032,48483
36091,SARATOGA COUNTY,NY,3662,5071,1,0,54575,50913,162883
53037,KITTITAS COUNTY,WA,2611,4969,1,0,10100,7489,28669
17127,MASSAC COUNTY,IL,3288,4948,1,0,4846,1558,11107
18077,JEFFERSON COUNTY,IN,4220,4934,1,0,8546,4326,21130
54061,MONONGALIA COUNTY,WV,3733,4881,1,0,18432,14699,68863
28011,BOLIVAR COUNTY,MS,4456,4820,0,1,4590,9046,23627
51830,WILLIAMSBURG CITY,VA,3281,4720,0,1,1925,5206,10861
24045,WICOMICO COUNTY,MD,4148,4701,1,0,22198,18050,61443
37069,FRANKLIN COUNTY,NC,3494,4678,1,0,16368,12874,44916
41071,YAMHILL COUNTY,OR,3949,4663,1,0,23250,19301,67652
19163,SCOTT COUNTY,IA,1291,4660,0,1,39149,40440,128308
18041,FAYETTE COUNTY,IN,4587,4658,1,0,6839,2252,15502
45031,DARLINGTON COUNTY,SC,1101,4636,1,0,14989,13888,47407
53045,MASON COUNTY,WA,1684,4600,1,0,13677,11993,42851
37093,HOKE COUNTY,NC,1966,4591,0,1,7760,9726,33126
45043,GEORGETOWN COUNTY,SC,4079,4591,1,0,17389,13310,48440
18181,WHITE COUNTY,IN,4303,4541,1,0,6893,2590,15936
39043,ERIE,OH,3591,4516,1,0,19648,16057,54213
51149,PRINCE GEORGE COUNTY,VA,2738,4484,1,0,9157,6419,23013
53071,WALLA WALLA COUNTY,WA,3957,4463,1,0,13651,9694,38354
27027,CLAY COUNTY,MN,572,4381,1,0,13543,12971,34356
18117,ORANGE COUNTY,IN,3755,4353,1,0,5803,2048,13425
37099,JACKSON COUNTY,NC,2157,4256,1,0,9870,7713,29358
37107,LENOIR COUNTY,NC,979,4252,1,0,13613,12634,38791
51590,DANVILLE CITY,VA,3756,4196,0,1,7303,11059,27935
18149,STARKE COUNTY,IN,3878,4193,1,0,6367,2489,16607
13275,THOMAS COUNTY,GA,4086,4115,1,0,11228,7142,30120
22061,LINCOLN PARISH,LA,3654,3817,1,0,10761,7107,27117
36089,ST. LAWRENCE COUNTY,NY,3454,3813,1,0,19942,16488,65404
28149,WARREN COUNTY,MS,483,3790,1,0,9767,9284,31939
27013,BLUE EARTH COUNTY,MN,1239,3757,1,0,15667,14428,38713
27131,RICE COUNTY,MN,992,3747,1,0,15429,14437,38169
53039,KLICKITAT COUNTY,WA,1595,3718,1,0,5789,4194,15725
48465,VAL VERDE COUNTY,TX,1074,3712,0,1,5890,6964,27972
51840,WINCHESTER CITY,VA,374,3702,0,1,4790,5164,16533
27169,WINONA COUNTY,MN,756,3689,1,0,12122,11366,29402
16065,MADISON COUNTY,ID,3395,3648,1,0,8941,1201,20036
20099,LABETTE COUNTY,KS,3044,3563,1,0,5335,2291,13567
41053,POLK COUNTY,OR,2520,3553,1,0,18940,16420,56030
51790,STAUNTON CITY,VA,200,3525,0,1,5133,5333,16446
17201,WINNEBAGO COUNTY,IL,89,3464,0,1,55624,55713,98585
28079,LEAKE COUNTY,MS,1198,3463,1,0,4782,3584,14920
51670,HOPEWELL CITY,VA,839,3426,0,1,3885,4724,14529
26045,EATON COUNTY,MI,2671,3418,1,0,27609,24938,81911
41041,LINCOLN COUNTY,OR,2462,3404,0,1,10039,12501,35255
51001,ACCOMACK COUNTY,VA,1843,3395,1,0,8583,6740,23646
28071,LAFAYETTE COUNTY,MS,2903,3390,1,0,10872,7969,34407
37139,PASQUOTANK COUNTY,NC,435,3377,0,1,8180,8615,29314
37077,GRANVILLE COUNTY,NC,682,3368,1,0,13591,12909,39262
51775,SALEM CITY,VA,3024,3360,1,0,7226,4202,17029
20161,RILEY COUNTY,KS,766,3320,1,0,10107,9341,35969
28113,PIKE COUNTY,MS,34,3280,0,1,8009,8043,25826
37105,LEE COUNTY,NC,3243,3272,1,0,13712,10469,37068
18013,BROWN COUNTY,IN,2498,3252,1,0,5016,2518,11888
37153,RICHMOND COUNTY,NC,1882,3188,1,0,10383,8501,30465
16057,LATAH COUNTY,ID,828,3183,0,1,7265,8093,25440
17103,LEE COUNTY,IL,3084,3182,1,0,8612,5528,22703
48055,CALDWELL COUNTY,TX,1896,3179,1,0,6691,4795,23848
51117,MECKLENBURG COUNTY,VA,2003,3178,1,0,8288,6285,21585
30049,LEWIS AND CLARK COUNTY,MT,2417,3139,1,0,16895,14478,47093
36007,BROOME COUNTY,NY,1731,3085,1,0,40943,39212,129448
36019,CLINTON COUNTY,NY,610,3052,0,1,14449,15059,48799
51033,CAROLINE COUNTY,VA,715,3041,1,0,7147,6432,20292
51053,DINWIDDIE COUNTY,VA,1682,3032,1,0,7447,5765,19117
45029,COLLETON COUNTY,SC,1464,3031,1,0,9091,7627,27441
51750,RADFORD CITY,VA,287,3021,0,1,2638,2925,10284
26103,MARQUETTE COUNTY,MI,1396,2976,0,1,14646,16042,50760
51820,WAYNESBORO CITY,VA,1037,2917,1,0,4801,3764,13360
18025,CRAWFORD COUNTY,IN,1692,2875,1,0,3015,1323,7675
17005,BOND COUNTY,IL,2820,2868,1,0,4888,2068,11243
18111,NEWTON COUNTY,IN,2673,2843,1,0,4077,1404,10157
28093,MARSHALL COUNTY,MS,1436,2842,0,1,6587,8023,23850
13009,BALDWIN COUNTY,GA,273,2826,0,1,7697,7970,24760
45025,CHESTERFIELD COUNTY,SC,2454,2807,1,0,9312,6858,28369
48249,JIM WELLS COUNTY,TX,1274,2792,0,1,5420,6694,26445
51147,PRINCE EDWARD COUNTY,VA,490,2744,0,1,4101,4591,13118
27007,BELTRAMI COUNTY,MN,2095,2727,1,0,10783,8688,25580
13087,DECATUR COUNTY,GA,1896,2683,1,0,6020,4124,16520
19061,DUBUQUE COUNTY,IA,610,2644,1,0,23460,22850,70244
17109,MCDONOUGH COUNTY,IL,1507,2612,1,0,6795,5288,19642
18123,PERRY COUNTY,IN,1494,2604,1,0,4556,3062,12280
51065,FLUVANNA COUNTY,VA,1265,2603,1,0,7025,5760,18543
37165,SCOTLAND COUNTY,NC,1063,2585,0,1,6256,7319,22929
45069,MARLBORO COUNTY,SC,1687,2532,0,1,4267,5954,20206
18165,VERMILLION COUNTY,IN,2432,2524,1,0,4513,2081,9692
45027,CLARENDON COUNTY,SC,346,2519,0,1,7386,7732,25181
17095,KNOX COUNTY,IL,654,2487,1,0,10737,10083,15272
45033,DILLON COUNTY,SC,197,2424,0,1,5637,5834,21148
45023,CHESTER COUNTY,SC,686,2419,1,0,7265,6579,22554
18009,BLACKFORD COUNTY,IN,2107,2354,1,0,3350,1243,8018
22069,NATCHITOCHES PARISH,LA,1824,2346,1,0,8968,7144,24718
12051,HENDRY COUNTY,FL,1580,2331,1,0,6195,4615,18532
28105,OKTIBBEHA COUNTY,MS,283,2331,0,1,8576,8859,31177
13225,PEACH COUNTY,GA,313,2280,1,0,5413,5100,17815
36033,FRANKLIN COUNTY,NY,924,2280,1,0,8221,7297,27509
13261,SUMTER COUNTY,GA,244,2233,0,1,5276,5520,17518
27099,MOWER COUNTY,MN,1386,2206,1,0,8823,7437,20509
37017,BLADEN COUNTY,NC,1492,2166,1,0,8550,7058,23295
46011,BROOKINGS COUNTY,SD,1869,2120,1,0,6748,4879,20073
51685,MANASSAS PARK CITY,VA,1471,2078,0,1,1733,3204,8062
42089,MONROE COUNTY,PA,532,2064,0,1,33386,33918,108182
28147,WALTHALL COUNTY,MS,1266,2062,1,0,4056,2790,11808
13189,MCDUFFIE COUNTY,GA,1733,2026,1,0,5432,3699,14598
18155,SWITZERLAND COUNTY,IN,1628,1964,1,0,2558,930,6687
22047,IBERVILLE PARISH,LA,1004,1963,0,1,7320,8324,21234
48025,BEE COUNTY,TX,1300,1956,1,0,4744,3444,15883
22067,MOREHOUSE PARISH,LA,1347,1937,1,0,6502,5155,18434
28001,ADAMS COUNTY,MS,1883,1928,0,1,5874,7757,21273
13199,MERIWETHER COUNTY,GA,1418,1922,1,0,5222,3804,14567
51175,SOUTHAMPTON COUNTY,VA,1440,1916,1,0,5035,3595,12320
13205,MITCHELL COUNTY,GA,786,1910,1,0,4279,3493,13227
28107,PANOLA COUNTY,MS,18,1872,1,0,7449,7431,25953
26073,ISABELLA COUNTY,MI,934,1850,1,0,12338,11404,42971
37117,MARTIN COUNTY,NC,51,1850,1,0,5897,5846,17089
13033,BURKE COUNTY,GA,240,1837,0,1,4491,4731,15287
47069,HARDEMAN COUNTY,TN,734,1807,1,0,4919,4185,14231
51690,MARTINSVILLE CITY,VA,1384,1783,0,1,2149,3533,8703
56001,ALBANY COUNTY,WY,712,1779,1,0,7602,6890,18886
27017,CARLTON COUNTY,MN,300,1774,0,1,8160,8460,21387
51193,WESTMORELAND COUNTY,VA,612,1771,1,0,4448,3836,12541
28065,JEFFERSON DAVIS COUNTY,MS,1254,1764,0,1,2466,3720,9135
48445,TERRY COUNTY,TX,1706,1755,1,0,2459,753,6671
48163,FRIO COUNTY,TX,588,1698,0,1,1856,2444,8606
51043,CLARKE COUNTY,VA,1610,1697,1,0,4661,3051,11083
27103,NICOLLET COUNTY,MN,551,1675,1,0,8437,7886,20585
45053,JASPER COUNTY,SC,769,1658,0,1,5187,5956,20607
22121,WEST BATON ROUGE PARISH,LA,1544,1647,1,0,6927,5383,16920
51125,NELSON COUNTY,VA,465,1619,1,0,4154,3689,11125
41007,CLATSOP COUNTY,OR,1114,1616,0,1,8138,9252,27892
51025,BRUNSWICK COUNTY,VA,1435,1564,0,1,3046,4481,10795
36021,COLUMBIA COUNTY,NY,1528,1538,0,1,13756,15284,46393
37007,ANSON COUNTY,NC,1353,1522,0,1,4506,5859,17412
49037,SAN JUAN COUNTY,UT,603,1452,1,0,2645,2042,8280
22037,EAST FELICIANA PARISH,LA,1334,1439,1,0,5569,4235,14307
48273,KLEBERG COUNTY,TX,349,1436,0,1,4367,4716,18186
37033,CASWELL COUNTY,NC,1234,1430,1,0,6026,4792,15768
51135,NOTTOWAY COUNTY,VA,883,1414,1,0,3712,2829,9228
36023,CORTLAND COUNTY,NY,1129,1399,1,0,9900,8771,30924
47075,HAYWOOD COUNTY,TN,698,1397,0,1,3013,3711,10832
37173,SWAIN COUNTY,NC,1369,1388,1,0,3565,2196,10445
13303,WASHINGTON COUNTY,GA,51,1381,0,1,4149,4200,12564
13183,LONG COUNTY,GA,1266,1368,1,0,2626,1360,8699
13027,BROOKS COUNTY,GA,1173,1364,1,0,3701,2528,10587
13163,JEFFERSON COUNTY,GA,758,1343,0,1,3063,3821,10844
19045,CLINTON COUNTY,IA,1181,1322,1,0,11276,10095,33460
51131,NORTHAMPTON COUNTY,VA,569,1321,0,1,2686,3255,9010
45011,BARNWELL COUNTY,SC,489,1307,1,0,4889,4400,14821
24039,SOMERSET COUNTY,MD,1145,1297,1,0,5341,4196,13161
51029,BUCKINGHAM COUNTY,VA,822,1289,1,0,3950,3128,10317
28029,COPIAH COUNTY,MS,638,1273,0,1,6103,6741,20546
53019,FERRY COUNTY,WA,1104,1256,1,0,2202,1098,4973
13251,SCREVEN COUNTY,GA,1005,1241,1,0,3305,2300,9118
37079,GREENE COUNTY,NC,769,1224,1,0,4374,3605,11550
51183,SUSSEX COUNTY,VA,824,1211,0,1,2055,2879,6994
51049,CUMBERLAND COUNTY,VA,661,1196,1,0,2697,2036,6892
51620,FRANKLIN CITY,VA,1098,1190,0,1,1421,2519,5690
26089,LEELANAU COUNTY,MI,465,1185,1,0,7239,6774,20150
51081,GREENSVILLE COUNTY,VA,821,1161,0,1,1737,2558,6368
51103,LANCASTER COUNTY,VA,654,1161,1,0,3523,2869,8629
51678,LEXINGTON CITY,VA,748,1147,0,1,766,1514,4018
22093,ST. JAMES PARISH,LA,962,1141,0,1,5456,6418,15716
13053,CHATTAHOOCHEE COUNTY,GA,157,1137,1,0,751,594,3967
48463,UVALDE COUNTY,TX,968,1126,1,0,4835,3867,16973
22013,BIENVILLE PARISH,LA,627,1119,1,0,3756,3129,9104
28061,JASPER COUNTY,MS,330,1105,0,1,4038,4368,11861
51111,LUNENBURG COUNTY,VA,977,1103,1,0,3204,2227,7861
28097,MONTGOMERY COUNTY,MS,703,1091,1,0,2818,2115,7221
37041,CHOWAN COUNTY,NC,1022,1089,1,0,4014,2992,10341
51057,ESSEX COUNTY,VA,115,1087,1,0,2657,2542,7653
48371,PECOS COUNTY,TX,914,1082,1,0,2468,1554,8223
17003,ALEXANDER COUNTY,IL,234,1065,1,0,1496,1262,5354
36031,ESSEX COUNTY,NY,196,1051,1,0,7958,7762,27389
24029,KENT COUNTY,MD,301,1044,1,0,4876,4575,13119
37103,JONES COUNTY,NC,909,1043,1,0,2974,2065,7327
45017,CALHOUN COUNTY,SC,214,1013,1,0,3787,3573,11435
28163,YAZOO COUNTY,MS,771,945,0,1,4598,5369,18991
22027,CLAIBORNE PARISH,LA,868,917,1,0,3585,2717,9028
13099,EARLY COUNTY,GA,384,915,1,0,2552,2168,7467
41057,TILLAMOOK COUNTY,OR,770,911,1,0,6538,5768,19057
51530,BUENA VISTA CITY,VA,737,904,1,0,1430,693,3902
53049,PACIFIC COUNTY,WA,740,888,1,0,5360,4620,16623
49019,GRAND COUNTY,UT,15,887,1,0,1975,1960,5851
51157,RAPPAHANNOCK COUNTY,VA,792,882,1,0,2539,1747,5849
46027,CLAY COUNTY,SD,499,868,0,1,2109,2608,8549
13289,TWIGGS COUNTY,GA,64,797,1,0,2035,1971,6140
13273,TERRELL COUNTY,GA,393,786,0,1,1874,2267,6671
30003,BIG HORN COUNTY,MT,241,778,0,1,1853,2094,7911
48043,BREWSTER COUNTY,TX,204,775,1,0,2077,1873,7282
13093,DOOLY COUNTY,GA,79,769,1,0,1951,1872,5999
51595,EMPORIA CITY,VA,741,762,0,1,789,1530,3806
28017,CHICKASAW COUNTY,MS,478,742,1,0,4127,3649,12310
51181,SURRY COUNTY,VA,453,734,0,1,1819,2272,5499
51097,KING & QUEEN COUNTY,VA,631,715,1,0,2099,1468,5026
37073,GATES COUNTY,NC,489,710,1,0,2874,2385,8785
28009,BENTON COUNTY,MS,532,690,1,0,2251,1719,6053
27075,LAKE COUNTY,MN,145,689,0,1,2932,3077,7410
51580,COVINGTON CITY,VA,435,686,1,0,1349,914,3640
22107,TENSAS PARISH,LA,150,677,0,1,1182,1332,3573
19191,WINNESHIEK COUNTY,IA,90,668,1,0,5344,5254,15263
33011,NASHUA 08,NH,424,662,1,0,100013,99589,7442
45065,MCCORMICK COUNTY,SC,173,655,1,0,2652,2479,7790
19157,POWESHIEK COUNTY,IA,642,651,1,0,4946,4304,14680
13319,WILKINSON COUNTY,GA,439,642,1,0,2333,1894,6261
16081,TETON COUNTY,ID,8,620,1,0,2167,2159,6746
22081,RED RIVER PARISH,LA,453,604,1,0,2391,1938,6038
13243,RANDOLPH COUNTY,GA,327,589,0,1,1271,1598,4330
33011,NASHUA 07,NH,424,543,1,0,100013,99589,5723
19101,JEFFERSON COUNTY,IA,38,529,1,0,3748,3710,11418
33011,NASHUA 01,NH,424,523,1,0,100013,99589,6971
33011,NASHUA 02,NH,424,498,1,0,100013,99589,6781
33011,NASHUA 03,NH,424,498,1,0,100013,99589,6192
30085,ROOSEVELT COUNTY,MT,237,497,1,0,1797,1560,5952
48283,LA SALLE COUNTY,TX,257,493,0,1,872,1129,4268
12065,JEFFERSON COUNTY,FL,389,488,1,0,3930,3541,9929
33011,NASHUA 09,NH,424,483,1,0,100013,99589,7144
33011,NASHUA 05,NH,424,481,1,0,100013,99589,7205
13301,WARREN COUNTY,GA,323,459,0,1,991,1314,3675
13259,STEWART COUNTY,GA,417,456,0,1,805,1222,3073
33011,NASHUA 04,NH,424,445,1,0,100013,99589,4904
30023,DEER LODGE COUNTY,MT,295,328,0,1,1763,2058,5511
31173,THURSTON COUNTY,NE,124,307,1,0,1043,919,4581
13061,CLAY COUNTY,GA,131,280,0,1,566,697,1932
37177,TYRRELL COUNTY,NC,255,279,1,0,975,720,2422
27087,MAHNOMEN COUNTY,MN,61,254,1,0,991,930,2649
30005,BLAINE COUNTY,MT,66,239,1,0,1268,1202,4175
13239,QUITMAN COUNTY,GA,114,224,1,0,575,461,1602
13007,BAKER COUNTY,GA,125,185,1,0,775,650,2221
28055,ISSAQUENA COUNTY,MS,97,126,0,1,298,395,1052
46031,CORSON COUNTY,SD,53,104,1,0,588,535,2574
46137,ZIEBACH COUNTY,SD,15,80,1,0,368,353,1746
50019,LOWELL,VT,26,75,0,1,5159,5185,607
50019,GREENSBORO,VT,26,50,0,1,5159,5185,600
50019,ALBANY,VT,26,44,0,1,5159,5185,664
